,path,id,mutation_1,mutation_2,mutation_3,mutation_4,mutation_5,mutation_6,mutation_7,mutation_8,conv,ee_p,ee_s,E,DeltaDeltaG
0,,WT,Leu 215,Arg 219,Phe 244,Leu 249,Thr 317,Thr 318,Leu 349,Cys 350,28,61,20,4,-0.86
1,B*,GUY-107,Phe 215,Asp 219,-,-,-,-,-,-,56,78,86,23,-1.89
2,D,GUY-111,-,-,-,-,-,-,Val 349,His 350,15,79,12,10,-1.38
3,,GUY-112,-,-,-,-,-,-,Val 349,Tyr 350,14,78,11,9,-1.32
4,E,GUY-113,-,-,-,-,Phe 317,Ser 318,-,-,20,89,20,21,-1.84
5,,GUY-115,-,-,-,-,Phe 317,Gly 318,-,-,20,87,20,17,-1.71
6,F*,GUY-116,-,-,-,Phe 249,-,-,-,-,11,84,9,12,-1.53
7,,GUY-117,-,-,-,Ser 249,-,-,-,-,22,72,17,7,-1.19
8,,GUY-118,-,-,-,Ile 249,-,,-,-,47,69,52,9,-1.34
9,B*D,GUY-119,Phe 215,Asp 219,-,-,-,-,-,Val 350,55,80,84,24,-1.93
10,B*E,GUY-120,Phe 215,Asp 219,-,-,Cys 317,Phe 318,-,-,43,92,63,44,-2.29
11,B*F*,GUY-121,Phe 215,Asp 219,-,Tyr 249,-,-,-,-,55,88,92,52,-2.39
12,,GUY-122,Phe 215,Asp 219,Tyr 244,Tyr 249,-,-,-,-,44,92,62,43,-2.27
13,DB*,GUY-123,Phe 215,Asp 219,-,-,-,-,Val 349,His 350,35,87,40,22,-1.87
14,DE,GUY-124,-,-,-,-,Cys 317,Phe 318,Val 349,His 350,22,91,23,26,-1.98
15,,GUY-125,-,-,-,-,Phe 317,Cys 318,Val 349,His 350,17,90,17,23,-1.88
16,,GUY-126,-,-,-,-,Phe 317,Tyr 318,Val 349,His 350,12,92,12,25,-1.96
17,DF*,GUY-127,-,-,-,Tyr 249,-,-,Val 349,His 350,14,82,13,12,-1.49
18,EB*,GUY-128,Phe 215,Cys 219,-,-,Phe 317,Ser 318,-,-,47,89,69,36,-2.16
19,,GUY-129,Phe 215,Val 219,-,-,Phe 317,Ser 318,-,-,46,89,69,36,-2.16
20,ED,GUY-130,-,-,-,-,Phe 317,Ser 318,Cys 349,Ser 350,10,92,10,25,-1.95
21,EF*,GUY-131,-,-,-,Val 249,Phe 317,Ser 318,-,-,34,86,39,20,-1.81
22,FB*,GUY-132,Phe 215,Val 219,-,Phe 249,-,-,-,-,48,84,70,25,-1.92
23,,GUY-133,Ile 215,Ser 219,-,Phe 249,-,-,-,-,47,85,67,26,-1.96
24,F*D,GUY-134,-,-,-,Phe 249,-,-,Val 349,His 350,18,88,18,19,-1.78
25,F*E,GUY-135,-,-,-,Phe 249,Cys 317,Phe 318,-,-,27,85,28,17,-1.70
26,,GUY-136,-,-,-,Phe 249,Leu 317,Tyr 318,-,-,23,87,23,18,-1.74
27,B*DE,GUY-137,Phe 215,Asp 219,-,-,Cys 317,Phe 318,-,Val 350,51,90,86,55,-2.42
28,B*DF*,GUY-138,Phe 215,Asp 219,-,Tyr 249,-,-,-,Val 350,56,84,96,45,-2.30
29,B*ED,GUY-139,Phe 215,Asp 219,-,-,Cys 317,Phe 318,-,Ile 350,49,94,79,73,-2.59
30,,GUY-140,Phe 215,Asp 219,-,-,Cys 317,Phe 318,-,Val 350,5,94,4,33,-2.11
31,B*EF*,GUY-141,Phe 215,Asp 219,-,Phe 249,Cys 317,Phe 318,-,-,47,93,73,64,-2.51
32,,GUY-142,Phe 215,Asp 219,Ile 244,Ile 249,Cys 317,Phe 318,-,-,50,92,81,65,-2.52
33,B*F*D,GUY-143,Phe 215,Asp 219,-,Tyr 249,-,-,-,Val 350,43,92,63,49,-2.35
34,B*F*E,GUY-144,Phe 215,Asp 219,-,Tyr 249,Phe 317,Ser 318,-,-,51,90,84,52,-2.39
35,DB*E,GUY-145,Phe 215,Asp 219,-,-,Ile 317,Phe 318,Val 349,His 350,54,92,91,75,-2.61
36,DB*F*,GUY-146,Phe 215,Asp 219,-,Tyr 249,-,-,Val 349,His 350,33,94,43,54,-2.41
37,,GUY-147,Phe 215,Asp 219,-,Phe 249,-,-,Val 349,His 350,55,84,91,38,-2.20
38,DEB*,GUY-148,Phe 215,Asp 219,-,-,Cys 317,Phe 318,Val 349,His 350,36,94,47,53,-2.40
39,,GUY-149,Phe 215,Asn 219,-,-,Cys 317,Phe 318,Val 349,His 350,36,94,47,48,-2.34
40,DEF*,GUY-150,-,-,Ile 244,Ile 249,Cys 317,Phe 318,Val 349,His 350,22,97,24,73,-2.59
41,,GUY-151,-,-,Ile 244,Val 249,Cys 317,Phe 318,Val 349,His 350,15,95,15,42,-2.27
42,DF*B*,GUY-152,Phe 215,Asp 219,-,Tyr 249,-,-,Val 349,His 350,38,94,51,57,-2.45
43,DF*E,GUY-153,-,-,-,Tyr 249,Val 317,Phe 318,Val 349,His 350,30,89,31,23,-1.89
44,,GUY-154,-,-,-,Tyr 249,Phe 317,Phe 318,Val 349,His 350,14,89,13,20,-1.80
45,,GUY-155,-,-,-,Tyr 249,Phe 317,Cys 318,Val 349,His 350,26,90,27,24,-1.92
46,EB*D,GUY-156,Phe 215,Cys 219,-,-,Phe 317,Ser 318,-,Val 350,53,85,83,32,-2.09
47,EB*F*,GUY-157,Phe 215,Cys 219,Ile 244,Phe 249,Phe 317,Ser 318,-,-,53,91,91,69,-2.56
48,,GUY-158,Phe 215,Cys 219,Tyr 244,Phe 249,Phe 317,Ser 318,-,-,60,79,98,36,-2.18
49,EDB*,GUY-159,Phe 215,-,-,-,Phe 317,Ser 318,Cys 349,Ser 350,20,95,21,45,-2.30
50,,GUY-160,Phe 215,Val 219,-,-,Phe 317,Ser 318,Cys 349,Ser 350,32,92,38,37,-2.19
51,EDF*,GUY-161,,,-,-,Phe 317,Ser 318,Cys 349,Ser 350,11,91,10,24,-1.90
52,,GUY-162,,,-,Ile 249,Phe 317,Ser 318,Cys 349,Ser 350,11,91,9,23,-1.89
53,EF*B*,GUY-163,Phe 215,-,-,Val 249,Phe 317,Ser 318,-,-,28,93,31,40,-2.23
54,,GUY-164,Phe 215,Val 219,-,Val 249,Phe 317,Ser 318,-,-,53,81,77,22,-1.86
55,EF*D,GUY-165,-,-,-,Val 249,Phe 317,Ser 318,-,Ser 350,20,92,20,27,-2.00
56,,GUY-166,-,-,-,Val 249,Phe 317,Ser 318,Val 349,-,29,89,31,23,-1.89
57,F*B*D,GUY-167,Phe 215,Val 219,-,Phe 249,-,-,-,Val 350,31,92,35,34,-2.14
58,F*B*E,GUY-168,Phe 215,Val 219,-,Phe 249,Phe 317,Cys 318,-,-,33,97,40,102,-2.79
59,,GUY-169,Phe 215,Val 219,-,Phe 249,Phe 317,Ile 318,-,-,46,93,68,63,-2.50
60,,GUY-170,Phe 215,Val 219,-,Phe 249,Val 317,Asp 318,-,-,30,96,34,67,-2.54
61,,GUY-171,Phe 215,Val 219,-,Phe 249,Ile 317,His 318,-,-,38,96,49,83,-2.67
62,,GUY-172,Phe 215,Val 219,-,Phe 249,Ile 317,Asn 318,-,-,37,96,46,72,-2.59
63,,GUY-173,Phe 215,Val 219,-,Phe 249,Ile 317,Ser 318,-,-,37,96,46,79,-2.64
64,,GUY-174,Phe 215,Val 219,-,Phe 249,Ile 317,Tyr 318,-,-,56,89,99,81,-2.65
65,,GUY-175,Phe 215,Val 219,-,Phe 249,Ile 317,Asp 318,-,-,33,96,41,69,-2.56
66,F*DB*,GUY-176,Phe 215,Leu 219,-,Phe 249,-,-,Val 349,His 350,54,86,89,40,-2.24
67,,GUY-177,Phe 215,Tyr 219,-,Phe 249,-,-,Val 349,His 350,47,89,69,36,-2.17
68,,GUY-178,Phe 215,Asp 219,-,Phe 249,-,-,Val 349,His 350,52,86,84,36,-2.16
69,F*DE,GUY-179,-,-,-,Phe 249,Val 317,Phe 318,Val 349,His 350,44,84,59,21,-1.83
70,,GUY-180,-,-,-,Phe 249,Ile 317,Asp 318,Val 349,His 350,33,89,39,25,-1.95
71,F*EB*,GUY-181,Phe 215,Asp 219,-,Phe 249,Cys 317,Phe 318,-,-,47,94,73,67,-2.54
72,,GUY-182,Phe 215,His 219,-,Phe 249,Cys 317,Phe 318,-,-,45,92,67,51,-2.38
73,,GUY-183,Phe 215,Val 219,-,Phe 249,Cys 317,Phe 318,-,-,45,93,67,55,-2.42
74,F*ED,GUY-184,-,-,-,Phe 249,Cys 317,Phe 318,Val 349,His 350,21,90,22,25,-1.94
75,B*DEF*,GUY-185,Phe 215,Asp 219,Ile 244,Ile 249,Cys 317,Phe 318,-,Val 350,53,91,93,69,-2.56
76,,GUY-186,Phe 215,Asp 219,Cys 244,-,Cys 317,Phe 318,-,Val 350,49,94,78,76,-2.62
77,,GUY-187,Phe 215,Asp 219,Ile 244,-,Cys 317,Phe 318,-,Val 350,52,92,87,71,-2.58
78,B*DF*E,GUY-188,Phe 215,Asp 219,-,Tyr 249,Ser 317,Ser 318,-,Val 350,50,91,81,51,-2.38
79,,GUY-189,Phe 215,Asp 219,-,Tyr 249,Phe 317,Val 318,-,Val 350,51,88,81,40,-2.23
80,B*EDF*,GUY-190,Phe 215,Asp 219,Ile 244,Ile 249,Cys 317,Phe 318,-,Ile 350,49,93,79,63,-2.50
81,,GUY-191,Phe 215,Asp 219,Val 244,Ile 249,Cys 317,Phe 318,-,Ile 350,48,94,77,77,-2.63
82,B*EF*D,GUY-192,Phe 215,Asp 219,-,Phe 249,Cys 317,Phe 318,Asn 349,Ile 350,42,94,59,57,-2.44
83,B*F*DE,GUY-193,Phe 215,Asp 219,-,Tyr 249,Val 317,Phe 318,,Val 350,61,84,99,56,-2.44
84,B*F*ED,GUY-194,Phe 215,Asp 219,-,Tyr 249,Phe 317,Ser 318,His 349,-,38,96,50,90,-2.72
85,DB*EF*,GUY-195,Phe 215,Asp 219,Ile 244,Ile 249,Ile 317,Phe 318,Val 349,His 350,53,94,89,98,-2.77
86,,GUY-196,Phe 215,Asp 219,Val 244,Ile 249,Ile 317,Phe 318,Val 349,His 350,52,95,88,111,-2.85
87,,GUY-197,Phe 215,Asp 219,Val 244,Val 249,Ile 317,Phe 318,Val 349,His 350,50,96,82,119,-2.89
88,,GUY-198,Phe 215,Asp 219,-,Phe 249,Ile 317,Phe 318,Val 349,His 350,53,93,93,103,-2.81
89,DB*F*E,GUY-199,Phe 215,Asp 219,-,Tyr 249,Phe 317,Val 318,Val 349,His 350,50,94,82,87,-2.70
90,DEB*F*,GUY-200,Phe 215,Asp 219,Ile 244,Ile 249,Cys 317,Phe 318,Val 349,His 350,37,97,49,95,-2.75
91,,GUY-201,Phe 215,Asp 219,Val 244,Ile 249,Cys 317,Phe 318,Val 349,His 350,31,96,39,79,-2.64
92,DEF*B*,GUY-259,-,Phe 219,Ile 244,Ile 249,Cys 317,Phe 318,Val 349,His 350,53,95,90,127,-2.93
93,,GUY-260,-,Ile 219,Ile 244,Ile 249,Cys 317,Phe 318,Val 349,His 350,46,96,70,118,-2.89
94,,GUY-261,-,Asn 219,Ile 244,Ile 249,Cys 317,Phe 318,Val 349,His 350,53,94,92,105,-2.81
95,,GUY-262,-,Val 219,Ile 244,Ile 249,Cys 317,Phe 318,Val 349,His 350,54,94,94,121,-2.90
96,,GUY-263,-,Cys 219,Ile 244,Ile 249,Cys 317,Phe 318,Val 349,His 350,54,95,91,120,-2.90
97,,GUY-264,-,His 219,Ile 244,Ile 249,Cys 317,Phe 318,Val 349,His 350,54,94,94,118,-2.89
98,,GUY-265,-,Gly 219,Ile 244,Ile 249,Cys 317,Phe 318,Val 349,His 350,55,94,96,122,-2.91
99,DF*B*E,GUY-202,Phe 215,Asp 219,-,Tyr 249,Phe 317,Val 318,Val 349,His 350,51,94,85,88,-2.71
100,,GUY-203,Phe 215,Asp 219,-,Tyr 249,Val 317,Phe 318,Val 349,His 350,43,94,61,61,-2.48
101,,GUY-204,Phe 215,Asp 219,-,Tyr 249,Phe 317,Gly 318,Val 349,His 350,48,95,76,92,-2.74
102,,GUY-205,Phe 215,Asp 219,-,Tyr 249,Ile 317,Phe 318,Val 349,His 350,34,95,44,64,-2.51
103,,GUY-206,Phe 215,Asp 219,-,Tyr 249,Phe 317,Ser 318,Val 349,His 350,42,95,57,63,-2.51
104,DF*EB*,GUY-207,Phe 215,Asp 219,-,Tyr 249,Val 317,Phe 318,Val 349,His 350,40,94,57,63,-2.51
105,,GUY-208,Phe 215,Gly 219,-,Tyr 249,Val 317,Phe 318,Val 349,His 350,37,94,49,49,-2.35
106,,GUY-209,Phe 215,His 219,-,Tyr 249,Val 317,Phe 318,Val 349,His 350,42,93,60,51,-2.38
107,,GUY-210,Phe 215,Asn 219,-,Tyr 249,Val 317,Phe 318,Val 349,His 350,42,94,61,57,-2.44
108,EB*DF*,GUY-211,Phe 215,Cys 219,Asn 244,Phe 249,Phe 317,Ser 318,-,Val 350,52,89,87,48,-2.35
109,,GUY-212,Phe 215,Cys 219,Val 244,Phe 249,Phe 317,Ser 318,-,Val 350,41,96,59,97,-2.77
110,,GUY-213,Phe 215,Cys 219,His 244,Phe 249,Phe 317,Ser 318,-,Val 350,50,90,81,50,-2.37
111,,GUY-214,Phe 215,Cys 219,-,Phe 249,Phe 317,Ser 318,-,Val 350,44,93,61,52,-2.39
112,EB*F*D,GUY-215,Phe 215,Cys 219,Ile 244,Phe 249,Phe 317,Ser 318,Val 349,-,35,96,46,86,-2.70
113,EDB*F*,GUY-216,Phe 215,-,-,Phe 249,Phe 317,Ser 318,Cys 349,Ser 350,41,97,60,120,-2.90
114,,GUY-217,Phe 215,-,His 244,Phe 249,Phe 317,Ser 318,Cys 349,Ser 350,28,97,34,110,-2.84
115,EDF*B*,GUY-218,-,Val 219,-,-,Phe 317,Ser 318,Cys 349,Ser 350,45,85,60,24,-1.91
116,,GUY-219,Phe 215,Cys 219,-,-,Phe 317,Ser 318,Cys 349,Ser 350,30,91,34,28,-2.02
117,EF*B*D,GUY-220,Phe 215,-,-,Val 249,Phe 317,Ser 318,-,Asn 350,49,87,73,32,-2.10
118,,GUY-221,Phe 215,-,-,Val 249,Phe 317,Ser 318,-,Val 350,41,87,51,25,-1.95
119,,GUY-222,Phe 215,-,-,Val 249,Phe 317,Ser 318,-,Cys 350,41,89,54,30,-2.07
120,EF*DB*,GUY-223,Phe 215,-,-,Val 249,Phe 317,Ser 318,-,Ser 350,25,92,27,30,-2.05
121,F*B*DE,GUY-224,Phe 215,Val 219,-,Phe 249,Val 317,Val 318,-,Val 350,57,92,97,100,-2.79
122,,GUY-225,Phe 215,Val 219,-,Phe 249,Ile 317,His 318,-,Val 350,56,93,93,94,-2.75
123,,GUY-226,Phe 215,Val 219,-,Phe 249,Val 317,Asn 318,-,Val 350,30,96,36,70,-2.57
124,,GUY-227,Phe 215,Val 219,-,Phe 249,Val 317,His 318,-,Val 350,49,94,77,74,-2.61
125,F*B*ED,GUY-228,Phe 215,Val 219,-,Phe 249,Phe 317,Cys 318,Asp 349,Tyr 350,30,98,38,158,-3.06
126,,GUY-229,Phe 215,Val 219,-,Phe 249,Phe 317,Cys 318,Val 349,His 350,53,93,94,108,-2.82
127,F*DB*E,GUY-230,Phe 215,Leu 219,-,Phe 249,Phe 317,Cys 318,Val 349,His 350,53,93,93,101,-2.79
128,,GUY-231,Phe 215,Leu 219,-,Phe 249,Phe 317,Val 318,Val 349,His 350,32,96,40,81,-2.66
129,,GUY-232,Phe 215,Leu 219,-,Phe 249,Phe 317,Ile 318,Val 349,His 350,50,92,83,66,-2.53
130,,GUY-233,Phe 215,Leu 219,-,Phe 249,Ile 317,Ser 318,Val 349,His 350,56,91,96,80,-2.65
131,,GUY-234,Phe 215,Leu 219,-,Phe 249,Phe 317,Gly 318,Val 349,His 350,43,96,63,84,-2.68
132,,GUY-235,Phe 215,Leu 219,-,Phe 249,Ile 317,Asn 318,Val 349,His 350,55,90,93,66,-2.54
133,F*DEB*,GUY-236,Phe 215,Asn 219,-,Phe 249,Val 317,Phe 318,Val 349,His 350,54,90,94,69,-2.56
134,,GUY-237,Phe 215,Leu 219,-,Phe 249,Val 317,Phe 318,Val 349,His 350,53,91,93,75,-2.61
135,F*EB*D,GUY-238,Phe 215,Asp 219,-,Phe 249,Cys 317,Phe 318,-,Val 350,12,94,10,38,-2.20
136,F*EDB*,GUY-239,Phe 215,Asp 219,-,Phe 249,Cys 317,Phe 318,Val 349,His 350,30,95,35,56,-2.44
137,,GUY-240,Phe 215,Gly 219,-,Phe 249,Cys 317,Phe 318,Val 349,His 350,30,95,36,57,-2.44
138,,GUY-241,Phe 215,Val 219,-,Phe 249,Cys 317,Phe 318,Val 349,His 350,9,94,7,35,-2.15
139,,GUY-258,Phe 215,Ser 219,-,Phe 249,Cys 317,Phe 318,Val 349,His 350,36,94,47,55,-2.42
140,,LW 202,Phe 215,Ser 219,-,Tyr 249,Trp 317,Val 318,-,Val 350,56,91,99,102,-2.80
